user_id,row_index
u000,0
u001,1
u002,2
u003,3
u004,4
u005,5
u006,6
u007,7
u008,8
u009,9
u010,10
u011,11
u012,12
u013,13
u014,14
u015,15
u016,16
u017,17
u018,18
u019,19
u020,20
u021,21
u022,22
u023,23
u024,24
u025,25
u026,26
u027,27
u028,28
u029,29
u030,30
u031,31
u032,32
u033,33
u034,34
u035,35
u036,36
u037,37
u038,38
u039,39
u040,40
u041,41
u042,42
u043,43
u044,44
u045,45
u046,46
u047,47
u048,48
u049,49
u050,50
u051,51
u052,52
u053,53
u054,54
u055,55
u056,56
u057,57
u058,58
u059,59
u060,60
u061,61
u062,62
u063,63
u064,64
u065,65
u066,66
u067,67
u068,68
u069,69
u070,70
u071,71
u072,72
u073,73
u074,74
u075,75
u076,76
u077,77
u078,78
u079,79
u080,80
u081,81
u082,82
u083,83
u084,84
u085,85
u086,86
u087,87
u088,88
u089,89
u090,90
u091,91
u092,92
u093,93
u094,94
u095,95
u096,96
u097,97
u098,98
u099,99
